Designator,Footprint,Quantity,Value,LCSC Part #,per unit price($),total price($),note,
"C1, C10, C2, C7",1005,4,100n,C1525,$0.0045,$0.02,,
"C11, C12",1005,2,15p,C1548,$0.0038,$0.01,,
"C13, C14, C9",1005,3,10u,C15525,$0.0256,$0.08,,
"C3, C4, C5, C8",1005,5,2u2,C12530,$0.0053,$0.03,,
C6,1005,1,1n,C1523,$0.0042,$0.01,,
"D1, D4",201,2,green,C2290,$0.0122,$0.02,,
D2,201,1,RED,C2286,$0.0122,$0.01,,
D3,D_SOD-123F,1,MBR1020VL,C49231015,$0.0955,$0.10,,
D5,1005,1,D,C94366,$0.1147,$8.72,note: min amount on jlc pcb is 78,extended
Q1,SOT-523,1,DMG1012T,C2830301,$0.0371,$0.04,,
"R1, R2",1005,2,27,C174257,$0.0007,$0.01,,
"R10, R11, R5",1005,3,100k,C25741,$0.0024,$0.01,,
R12,1005,1,5k6,C174239,$0.0017,$0.01,,
R13,1005,1,10k,C25744,$0.0034,$0.01,,
"R14, R15",1005,2,5.1,C25128,$0.0034,$8.77,note: min amount on jlc is 2578,extended
R16,1005,1,2.2k,C25879,$0.0013,$0.01,,
R3,1005,1,1,C22369188,$0.0011,$0.01,,
R4,1005,1,200,C25087,$0.0029,$0.01,,
R6,1005,1,200k,C25764,$0.0018,$0.01,,
"R7, R8,R17, R18",1005,2,1k,C11702,$0.0018,$0.01,,
R9,1005,1,470r,C25117,$0.0027,$0.01,,
SW1,SW_Push_1P1T_NO_CK_KMR2,1,SW_Push,C72443,$0.6503,$0.65,,extended
U1,QFN-56-1EP_7x7mm_P0.4mm_EP3.2x3.2mm,1,RP2040,C2040,$0.9884,$0.99,,extended
U2,WSON-8-1EP_8x6mm_P1.27mm_EP3.4x4.3mm,1,W25Q128JVE,C2456297,$4.0886,$4.09,16MB,extended
U3,WSON-10-1EP_2.5x2.5mm_P0.5mm_EP1.2x2mm_ThermalVias,1,TPS63031DSK,C15516,$1.0291,$1.03,,extended
U4,SOT-23-5,1,MCP73831-2-OT,C14879 ,$1.3006,$1.30,,extended
Y1,Crystal_SMD_5032-2Pin_5.0x3.2mm,1,12MHz,C295065,$0.3489,$0.35,,extended
J1,USB_C_Receptacle_G-Switch_GT-USB-7010ASV,1,USB_C_Receptacle_USB2.0_16P,C2927037,$0.1441,$0.14,,extended
L1,1005,1,2u2,C84472,$0.0174,$0.02,,extended
total component cost,,,,,,$26.48,,
pcb cost,,,,,,$5.10,5 pcbs,
pcba cost,,,,,,$80.36,includes components(2 boards),
grant total,,,,,,$85.46,not counting taxes & shipping,
